column_id,user_id,material,created_at,updated_at,deleted_at
M79ZTQK7EI,89207982,"
    営業職において、最も重要なスキルの一つは顧客との信頼関係を構築することです。短期的な売上目標を追い求めるあまり、顧客との関係性を軽視してしまうと、将来的なビジネスチャンスを逃すことになります。特に現代のビジネス環境では、顧客は豊富な情報を持ち、インターネットを駆使して商品やサービスを比較検討しています。そのため、営業マンは単なるセールストークに頼るのではなく、顧客のニーズを的確に把握し、それに基づいた提案を行う必要があります。
    信頼関係を築くための第一歩は、「顧客の話に耳を傾けること」です。営業マンが自分の話ばかりしてしまうと、顧客は「自分のニーズが理解されていない」と感じてしまいます。反対に、顧客の意見や要望をしっかりと聞き、それに対する適切なフィードバックや提案を行うことで、「この営業マンは信頼できる」と感じてもらえるようになります。顧客の立場に立ち、そのビジネスや個人的な課題を理解する姿勢を持つことが、成功の鍵となります。
    また、営業プロセス全体において、コミュニケーションの質と頻度を適切に管理することも大切です。単に定期的に連絡を取るだけではなく、顧客にとって有益な情報を提供し続けることで、顧客との関係性を深めることができます。例えば、関連する業界ニュースや新しい製品の情報を提供したり、顧客の問題解決に向けたサポートを積極的に行うことで、顧客にとっての「信頼できるパートナー」としての地位を確立できます。アフターフォローやサポート対応の迅速さも、顧客満足度を高め、長期的な関係を築くためには欠かせません。
    さらに、営業活動の計画性も重要です。訪問や提案のタイミングを見極め、適切なフォローアップを行うことで、顧客とのコミュニケーションを継続的に行えます。営業マンは、自分の活動を管理し、効果的なタイムマネジメントを実践することで、より多くの機会を創出することができます。顧客にとって価値のある提案を行い、信頼を勝ち取ることで、競合との差別化を図り、持続的な成長を実現することができるのです。
    営業職は単なる販売活動ではなく、顧客とともに価値を創造するプロセスです。常に顧客の視点に立ち、彼らのニーズや課題を理解し、それに応じたソリューションを提供することが、成功への道を開くのです。
    ",2023-09-06 21:51,NULL,NULL
56E8JLXTBI,87967120,"
    営業において目標を達成するためには、明確なプロセスの管理が不可欠です。売上目標を設定することは重要ですが、それ以上に大切なのは、その目標に向かってどのようなプロセスでアプローチするかです。単に目標を掲げるだけではなく、その達成に向けた戦略を立て、計画的に実行することが、結果を生み出す鍵となります。
    まず、営業プロセスを効果的に管理するためには、具体的なKPI（Key Performance Indicators）を設定することが求められます。KPIは、営業活動の進捗を測定し、目標達成に向けた道筋を確認するための指標です。例えば、「1週間あたりの新規顧客訪問数」や「月間の見積もり提出件数」など、具体的かつ測定可能な目標を設定することで、営業マンは日々の活動を目標に沿って調整することができます。
    次に、営業活動を計画する際には、時間管理が重要です。営業職は、多くの場合、自らのスケジュールを管理し、効率的に業務を進める必要があります。例えば、訪問先の優先順位を決め、移動時間を最小限に抑えるようにルートを工夫することが求められます。また、顧客との関係構築に時間を割く一方で、新規顧客の開拓にも注力するバランスが重要です。これらを計画的に進めることで、限られた時間の中で最大の成果を上げることができます。
    さらに、営業プロセス管理においては、フィードバックの収集と改善が欠かせません。自分の営業活動がどのように進んでいるかを定期的に振り返り、改善点を見つけ出すことが重要です。顧客からのフィードバックをもとに、自分のアプローチ方法を見直し、必要に応じて戦略を修正することで、より効果的な営業活動が可能になります。特に、競合他社の動向や市場の変化に敏感に反応し、それに応じた対応策を講じることで、営業目標の達成に近づくことができます。
    最後に、チームとしての連携も忘れてはなりません。営業は個人の努力が求められる仕事ですが、チーム全体で協力し合うことで、さらに大きな成果を生むことができます。定期的なミーティングや情報共有を通じて、チーム全体の目標達成に向けた一体感を醸成し、個々のメンバーが最大限の力を発揮できるようにサポートすることが大切です。
    目標達成のための営業プロセス管理は、計画、実行、フィードバック、そして改善のサイクルを回すことで成り立ちます。これらを効果的に行うことで、長期的な成功を手に入れることができるのです。
    ",2023-09-09 03:41,NULL,NULL
AVCQIXV6Z1,84670405,"
    営業の現場では、効果的なプレゼンテーションが成功の鍵を握ります。顧客に対して自社の製品やサービスの魅力を伝える際、単に情報を提供するだけでは不十分です。顧客の心を動かし、行動に繋げるためには、魅力的で説得力のあるプレゼンテーションが必要です。
    まず、プレゼンテーションの準備段階で重要なのは、顧客のニーズを深く理解することです。営業マンが一方的に自社の製品やサービスの特徴を説明するだけでは、顧客の関心を引くことは難しいでしょう。顧客が直面している課題やニーズをしっかりと把握し、その解決策として自社の提案がどのように役立つのかを具体的に示すことが重要です。このため、プレゼンテーションの前には、顧客の業界や市場、競合他社についてのリサーチを徹底的に行い、準備を整えましょう。
    次に、プレゼンテーションの構成にも注意を払うべきです。良いプレゼンテーションは、分かりやすく、聞き手にとってストーリー性のあるものです。まず、顧客の課題を明確に示し、その解決策として自社の製品やサービスを提案します。その際、具体的な事例やデータを活用することで、提案内容の信頼性を高めることができます。また、結論を先に提示し、その後に詳細を説明する「結論先行型」のアプローチも効果的です。これにより、顧客は最初に要点を理解し、その後に細部を聞くことで、全体像を把握しやすくなります。
    さらに、プレゼンテーションの視覚的な要素も重要です。資料やスライドはシンプルかつ効果的に作成し、ポイントを強調するためのビジュアルを活用しましょう。複雑な図や過剰な情報は、かえって顧客の理解を妨げることがあります。スライドには、できるだけ簡潔なテキストや図表を使用し、重要な点を強調するように工夫しましょう。また、スライドを使う際には、単に読み上げるのではなく、自分の言葉で要点を説明し、顧客との対話を大切にすることが求められます。
    最後に、プレゼンテーションの後には必ず質疑応答の時間を設けましょう。顧客が抱える疑問や懸念に対して丁寧に回答することで、信頼関係を深めることができます。また、プレゼンテーション後のフォローアップも重要です。プレゼンテーションで得られたフィードバックをもとに、顧客に適切な提案やサポートを提供することで、成約に繋げることが可能になります。
    営業におけるプレゼンテーションは、単なる説明の場ではなく、顧客とのコミュニケーションを深める貴重な機会です。しっかりと準備を行い、顧客の心を動かすプレゼンテーションを心がけましょう。
    ",2023-11-19 20:35,NULL,NULL
6E5QJBQ19B,91101089,"
    営業活動において、顧客の心理を理解することは極めて重要です。顧客の購買意欲や決定プロセスを把握することで、適切なタイミングで効果的なアプローチを行うことが可能になります。営業マンが顧客心理を深く理解することで、単なる商品やサービスの提案にとどまらず、顧客の本質的なニーズに応えることができるようになります。
    まず、顧客が何を求めているのかを理解するためには、顧客の視点に立って考えることが必要です。顧客は多くの場合、自分の問題を解決する手段として商品やサービスを探しています。そのため、営業マンは自社の製品を売り込むことだけに集中せず、顧客の問題を解決する方法を提供する姿勢を持つことが重要です。具体的な例として、顧客がコスト削減を重視している場合には、価格だけでなく、長期的な運用コストや投資対効果についても触れることで、顧客の関心を引きやすくなります。
    次に、顧客の購買プロセスにおいてどの段階にいるかを把握することも重要です。顧客がまだ情報収集段階にいる場合、過度なセールストークは逆効果となることがあります。この段階では、教育的なアプローチで顧客に有益な情報を提供し、信頼を築くことが求められます。一方、購入意欲が高まっている段階では、具体的な提案や購入後のサポート体制を明確にすることで、顧客の不安を解消し、成約に繋げることが可能です。
    また、顧客の感情に配慮した営業アプローチも重要です。顧客が不安や疑念を感じている場合、それを察知して適切な対応を取ることが求められます。例えば、商品やサービスのリスクやデメリットについても正直に説明し、その上でメリットを強調することで、顧客に信頼感を与えることができます。特に、大きな投資や長期契約が関わる場合、顧客はリスクを慎重に評価します。このとき、営業マンが顧客の立場に立ち、誠実な対応を行うことが、成約への道を開く重要な要素となります。
    最後に、顧客との関係を深めるためには、アフターフォローも欠かせません。顧客が購入後にどのように製品やサービスを利用しているかを確認し、必要に応じてサポートを提供することで、顧客満足度を高めることができます。これにより、リピート購入や紹介を促進することができ、営業活動の成果を長期的に持続させることが可能です。
    顧客の心理を理解し、その状況に応じたアプローチを行うことは、営業の成功に不可欠なスキルです。顧客の立場に立ち、彼らのニーズや感情に寄り添うことで、より深い信頼関係を築くことができるでしょう。
    ",2024-02-10 21:59,NULL,NULL
S45EY2L6LZ,79009729,"
    デジタル技術の進化により、営業の現場でもさまざまなツールが活用されています。これらのツールを効果的に利用することで、営業活動の効率を大幅に向上させることができます。特に、顧客管理、営業プロセスの自動化、データ分析など、デジタルツールを活用することで、営業マンはより戦略的に動くことが可能になります。
    まず、CRM（顧客関係管理）システムは、現代の営業において欠かせないツールです。CRMを導入することで、顧客とのやり取りや過去の取引履歴、進行中の案件などを一元管理することができます。これにより、営業マンは常に最新の情報にアクセスし、顧客ごとに最適なアプローチを行うことが可能になります。さらに、チーム内での情報共有も容易になり、顧客対応のスピードが向上することが期待されます。
    次に、営業活動を自動化するツールの活用も重要です。例えば、定期的なフォローアップメールの自動送信や、リードナーチャリング（見込み客育成）の自動化を行うことで、営業マンの時間を大幅に節約できます。これにより、営業マンはより高度な活動に集中できるようになり、効率的な営業プロセスを実現できます。また、リードスコアリング機能を持つツールを使えば、見込み客の優先度を自動的に判断し、効果的なアプローチを取ることが可能になります。
    データ分析ツールの活用も、営業活動の改善に役立ちます。営業の成果をデータとして可視化し、どのアプローチが成功しているか、どこに改善の余地があるかを明確にすることで、戦略的な意思決定が可能になります。例えば、特定の期間における成約率や、顧客ごとの収益性を分析することで、最も効果的な営業戦術を見つけ出すことができます。これにより、営業チーム全体のパフォーマンスを向上させることができます。
    しかし、デジタルツールの導入には注意が必要です。ツールに依存しすぎると、顧客との対話や関係構築が疎かになるリスクがあります。デジタルツールはあくまで営業活動をサポートする手段であり、顧客との信頼関係を築くための基本的なコミュニケーションスキルが最も重要です。営業マンは、デジタルツールを効果的に活用しつつも、顧客との直接的なやり取りを大切にするバランスを保つことが求められます。
    デジタルツールを適切に活用することで、営業活動はより効率的で戦略的なものになります。しかし、ツールに依存しすぎず、顧客との信頼関係を大切にしながら進めることが、営業の成功につながるのです。
    ",2024-03-06 03:36,NULL,NULL
JJ0GRW0AQH,79009729,"
    コロナ禍を経て、リモート営業が一般的な営業スタイルとして定着しました。対面での営業活動が制限される中、オンラインでのコミュニケーションやリモートツールを駆使して成果を上げることが求められています。しかし、リモート営業には独自の課題があり、成功させるためには適切な戦略が必要です。
    まず、リモート営業においては、顧客との信頼関係を築くためのコミュニケーションがより重要になります。対面では得られる非言語的なフィードバックがリモートでは限られるため、言葉選びやトーンに細心の注意を払う必要があります。営業マンは、常に顧客に対して親しみやすく、理解しやすい説明を心がけ、質問や疑問に対して迅速かつ丁寧に対応することが求められます。また、リモートミーティングでは、画面越しでも顧客に安心感を与えるために、明るい表情や適切なアイコンタクトを忘れないようにしましょう。
    次に、リモート営業では、プレゼンテーション資料やデモンストレーションがこれまで以上に重要な役割を果たします。対面での営業では実物を見せたり、ハンズオン体験を提供することが容易ですが、リモート環境ではこれが難しくなります。そのため、資料はできるだけシンプルかつビジュアルに訴えるものにし、顧客が直感的に理解できるように工夫しましょう。また、オンラインデモンストレーションを行う際には、技術的な問題が発生しないよう事前に入念な準備を行い、スムーズに進行できるようにすることが重要です。
    さらに、リモート営業では、時間管理とスケジュールの調整が重要です。対面の営業活動に比べて、リモートでは時間の使い方が柔軟になりがちですが、それゆえに効率的なスケジュール管理が求められます。顧客とのミーティングの前後には、十分な準備時間やフォローアップの時間を確保することで、営業活動の質を高めることができます。また、リモートワークの利点を最大限に活用し、複数の顧客とのオンラインミーティングを効率的に行うことで、生産性を向上させることが可能です。
    最後に、リモート営業においても、顧客との長期的な関係構築が欠かせません。リモート環境では対面での接触が減るため、顧客との信頼関係を維持するためには定期的なフォローアップが重要です。メールや電話だけでなく、オンラインでのカジュアルなチェックインや、ちょっとした情報共有を行うことで、顧客にとっての信頼できるパートナーであり続けることができます。
    リモート営業は、従来の営業手法と比べて異なるスキルや戦略が求められますが、適切な準備と工夫によって、対面営業と同様に成功を収めることができます。デジタルツールを活用しつつも、顧客との関係を大切にする姿勢が、リモート営業の成功の鍵となるのです。
    ",2024-05-22 22:45,NULL,NULL
H59MXPZOH6,50110661,"
    営業活動において、クレーム対応は避けられない課題の一つです。しかし、クレーム対応を正しく行うことで、むしろ顧客との信頼関係を深めるチャンスに変えることができます。問題が発生した際にどのように対処するかは、顧客がその後も継続してビジネスを行うかどうかの重要な判断基準となります。
    まず、クレームが発生した際には、迅速な対応が求められます。顧客が不満を抱えているときに、対応が遅れると不満はさらに増大し、問題が大きくなってしまいます。そのため、クレームを受けたらすぐに対応し、問題の詳細を正確に把握することが大切です。顧客に「自分の問題を真剣に受け止めてもらえている」と感じてもらうために、迅速かつ丁寧な対応が不可欠です。
    次に、顧客の話に耳を傾けることが重要です。クレームに対して防御的になったり、言い訳をするのではなく、まずは顧客の不満や懸念をしっかりと聞く姿勢を持ちましょう。顧客が感じている問題の本質を理解し、共感を示すことで、信頼関係の修復が始まります。また、謝罪が必要な場合には、率直に謝罪することをためらわないことが重要です。適切な謝罪は、顧客の怒りや不満を和らげ、次のステップへの道を開くための第一歩となります。
    さらに、問題解決に向けた具体的なアクションを提示することが求められます。クレームを受けた際には、単に謝罪するだけでなく、どのようにして問題を解決するのか、そして再発防止策について具体的な提案を行うことが大切です。顧客に対して、問題を真摯に受け止め、それに対して行動を起こしていることを示すことで、信頼を取り戻すことができます。また、解決策を提示するだけでなく、実行に移す際には進捗状況を定期的に報告し、顧客が安心して任せられる環境を整えることも重要です。
    最後に、クレーム対応後のフォローアップを忘れずに行いましょう。問題が解決した後も、顧客との関係を修復するためには、継続的なコミュニケーションが必要です。フォローアップの連絡を通じて、顧客が満足しているかどうかを確認し、さらなるサポートが必要な場合には迅速に対応しましょう。これにより、顧客は自分の声が反映されていると感じ、長期的な信頼関係を築くことができます。
    クレーム対応は一見ネガティブな要素に思えますが、それを適切に処理することで、顧客との強固な信頼関係を築く機会に変えることができます。問題を迅速に解決し、顧客の満足度を高めるために、積極的にアプローチしていきましょう。
    ",2024-06-07 19:04,NULL,NULL
UBJG39UEQA,49858555,"
    営業活動において、顧客満足度の向上は、リピートビジネスや紹介につながる重要な要素です。顧客が満足しているかどうかは、単に商品やサービスの品質だけでなく、営業プロセス全体に影響を与える要因です。顧客満足度を向上させるためには、営業マンが意識的に取り組むべきいくつかの戦略があります。
    まず、顧客の期待を正確に把握し、それを超える提案を行うことが重要です。多くの顧客は、最初のアプローチで営業マンに対して期待を持ちますが、その期待に応えることができなければ、満足度は低下します。したがって、顧客が求めているものを正確に理解し、その期待を超える付加価値を提供することが、顧客満足度の向上につながります。例えば、単に製品を販売するだけでなく、アフターサービスやサポート体制を充実させることで、顧客に安心感を与えることができます。
    次に、コミュニケーションの質を向上させることも、顧客満足度に直結します。顧客とのやり取りは、単なる情報のやり取りではなく、信頼関係を築くための重要な要素です。営業マンは、顧客に対して誠実かつ迅速に対応することが求められます。また、顧客が感じている不安や疑問に対して丁寧に答えることで、顧客は「自分が大切にされている」と感じ、満足度が向上します。定期的なフォローアップや進捗報告を行うことで、顧客との信頼関係を強化しましょう。
    さらに、顧客にパーソナライズされた体験を提供することが重要です。顧客のニーズや好みに応じた提案やサービスを提供することで、顧客は自分だけの特別な体験を得られたと感じます。これにより、顧客満足度が大幅に向上するだけでなく、競合との差別化にもつながります。顧客ごとにカスタマイズされたアプローチを心がけ、個々の顧客に合わせた営業活動を展開しましょう。
    最後に、顧客からのフィードバックを積極的に取り入れ、サービス改善に役立てることも、顧客満足度向上のための重要な戦略です。顧客の声を聞き、実際に改善を行うことで、顧客は自分の意見が尊重されていると感じ、信頼が深まります。特にネガティブなフィードバックも真摯に受け止め、改善策を提示することで、顧客との関係をさらに強化することができます。
    営業における顧客満足度の向上は、長期的なビジネスの成功に直結します。顧客の期待を超えるサービスを提供し、信頼関係を築くことで、リピートビジネスや紹介を促進し、持続的な成長を実現しましょう。
    ",2024-06-08 12:37,NULL,NULL
SGCRW5Z85Q,87412888,"
    営業の現場では、競争が激化する中で、いかにして他社との差別化を図るかが成功の鍵となります。商品やサービスが他社と似ている場合、顧客に選ばれるためには、営業マン自身や提供する価値に独自性を持たせる必要があります。ここでは、営業における差別化戦略について考えてみましょう。
    まず、他社と異なる視点で顧客に価値を提供することが重要です。競合製品と機能や価格が似通っている場合、単純なスペックの比較では顧客の関心を引くことは難しいでしょう。そのため、営業マンは顧客のニーズを深く理解し、そのニーズに対して他社では提供できない付加価値を提案する必要があります。例えば、アフターサービスやサポートの質、納期の柔軟性など、顧客にとって重要な要素を強調することで、他社と差別化することができます。
    次に、営業プロセスそのものを差別化の要素とすることも有効です。営業のアプローチやコミュニケーションスタイル、提案方法に独自性を持たせることで、顧客に特別な体験を提供することができます。例えば、プレゼンテーションにおいてデータだけでなく、感情に訴えるストーリーテリングを取り入れることで、顧客の心を動かすことができます。また、迅速で丁寧なフォローアップや、顧客が予想していなかった提案を行うことで、他社との差別化を図ることができます。
    さらに、営業マン自身のブランドを確立することも重要です。顧客は製品やサービスだけでなく、営業マンとの信頼関係にも基づいて意思決定を行います。そのため、営業マン自身が業界のエキスパートとしての地位を築き、顧客にとって信頼できるアドバイザーとなることが、競争優位を確立するための鍵となります。例えば、専門知識を活かして顧客にとって有益な情報を提供したり、業界のトレンドや最新の技術についてアドバイスすることで、他社の営業マンとは一線を画すことができます。
    最後に、差別化戦略を成功させるためには、継続的な改善が必要です。市場環境や顧客のニーズは常に変化しているため、営業マンはその変化に対応する柔軟性を持つ必要があります。顧客からのフィードバックを活用し、自分のアプローチを見直すことで、常に競争の中でリードを保つことができるでしょう。
    営業における差別化は、単なる商品やサービスの違いだけでなく、営業マン自身のアプローチや価値提供に大きく依存しています。顧客にとって唯一無二の存在となることで、競争の中で勝ち抜くことが可能になります。
    ",2024-06-15 18:51,NULL,NULL
F61BYDK5GJ,89207982,"
    新規顧客の開拓は、営業活動の中でも特にチャレンジングな課題の一つです。既存顧客との関係維持が重要である一方で、ビジネスの成長を支えるためには、新規顧客の獲得が不可欠です。しかし、新しい顧客との信頼関係をゼロから築き上げることは容易ではありません。ここでは、新規顧客開拓の成功に向けた戦略について考えてみましょう。
    まず、新規顧客の開拓において最も重要なのは、ターゲット市場の明確化です。全ての企業や個人が潜在的な顧客ではなく、自社の製品やサービスがどの市場やセグメントに最も適しているのかを見極めることが成功の鍵となります。ターゲット市場を明確にすることで、リソースを効率的に使い、より効果的なアプローチが可能になります。市場調査や競合分析を行い、どの分野で自社が優位性を持っているのかを把握しましょう。
    次に、新規顧客との初期接触においては、第一印象が非常に重要です。営業マンは、相手に信頼されるためのプロフェッショナルな態度を持ちつつ、親しみやすさを兼ね備える必要があります。特に、初めて接触する際には、自社の製品やサービスを押し売りするのではなく、まずは相手のニーズや課題を理解する姿勢を示すことが大切です。この段階で信頼を築くことが、今後の商談をスムーズに進めるための基盤となります。
    さらに、新規顧客開拓のプロセスでは、フォローアップが欠かせません。初回の接触で興味を引いた後も、定期的な連絡を通じて関係を深めることが求められます。フォローアップの際には、相手にとって価値のある情報や提案を提供することで、営業マンとしての信頼を築き、商談成立へと繋げることができます。リードナーチャリングのプロセスをしっかりと設計し、見込み客との接点を途切れさせないようにしましょう。
    また、新規顧客の開拓では、紹介やネットワーキングの力を最大限に活用することも重要です。既存顧客やビジネスパートナーからの紹介は、新規顧客の信頼を得るための強力な手段となります。また、業界のイベントやオンラインコミュニティを通じてネットワーキングを広げることで、新たなビジネスチャンスを生み出すことができます。
    最後に、新規顧客を開拓する際には、長期的な視点を持つことが大切です。すぐに成果が出ない場合でも、焦らずに関係を構築し続けることで、将来的なビジネスチャンスを逃さないようにしましょう。忍耐強くアプローチを続けることで、最終的にはリピートビジネスや紹介など、さらなる成長に繋がる成果を得ることができます。
    新規顧客の開拓は、計画的かつ戦略的なアプローチが求められる挑戦です。しかし、適切なターゲット設定とフォローアップを実践することで、確実にビジネスの拡大を図ることができるでしょう。
    ",2024-07-10 03:06,NULL,NULL
