product_id,product_name,small_category,description,price,created_at,updated_at,deleted_at
3XGSL3ERPT,フューチャースマート,モバイルアクセサリー,フューチャースマートは、最新のAI技術を活用したスマートデバイスで、日常生活をより便利にするための多機能ツールです。音声認識機能により、手を使わずにスケジュール管理や家電操作が可能で、忙しいビジネスパーソンに最適です。また、健康管理機能も搭載しており、運動や食事のアドバイスをリアルタイムで提供します。家庭での利用はもちろん、出張や旅行中でも役立つため、幅広いシチュエーションでお勧めできます。フューチャースマートを使えば、未来のライフスタイルを一歩先取りできます。,17300,2024-02-19 20:42,2024-06-19 08:32,NULL
S3U0MJB7KK,ネクサスフォン,モバイルアクセサリー,ネクサスフォンは、最新の通信技術を搭載したスマートフォンで、高速なデータ転送と長時間のバッテリー持続が特徴です。特に、AIアシスタント機能が充実しており、日常のタスク管理やスケジュール調整をスムーズに行えます。仕事や学業で忙しい方に最適で、オンライン会議やリモートワークにも対応した高品質なカメラが搭載されています。また、ゲームや動画視聴にも最適な大画面ディスプレイで、エンターテインメントを存分に楽しむことができます。どんなシーンでも活躍するネクサスフォンで、あなたの生活をより便利に彩りましょう。,24700,2024-05-04 02:54,NULL,NULL
I4IZKSYTCQ,エコスマートフォン,モバイルアクセサリー,エコスマートフォンは、リサイクル素材を使用した環境に優しいデザインが特徴です。高性能カメラや長持ちするバッテリーを搭載し、日常のコミュニケーションやエンターテインメントに最適です。特にアウトドアや旅行時に、耐久性と軽量さが活かされます。また、エコモード機能により、バッテリー消費を抑えながら長時間の使用が可能です。環境意識の高いユーザーにぴったりな選択肢です。,23900,2024-08-22 15:17,NULL,NULL
OB1GSH8AML,フィットトラッカー「モーションメイト」,SIMカード,「モーションメイト」は、日常の活動量や睡眠をトラッキングするフィットネスデバイスです。心拍数やカロリー消費をリアルタイムでモニタリングし、スマートフォンアプリと連携してデータを分析できます。特に、忙しいビジネスパーソンや健康管理を意識する方に最適で、ジムやランニング、日常のウォーキングでも活用できます。さらに、スタイリッシュなデザインで、普段使いにも適しています。健康的なライフスタイルをサポートする「モーションメイト」をぜひお試しください。,16000,2024-03-18 21:41,2024-06-16 14:15,NULL
F8SX7C1C9V,フィットネスバンド「アクティブリンク」,SIMカード,「アクティブリンク」は、日常のアクティビティをトラッキングする高機能フィットネスバンドです。心拍数や歩数、睡眠の質をリアルタイムでモニタリングし、健康管理をサポートします。特に、屋外でのジョギングやジムでのトレーニング時に最適で、スマートフォンと連携することで、目標達成を視覚的に確認できます。防水機能も備えているため、雨の日や水泳時でも安心して使用可能です。日々の健康維持やフィットネス向上を目指す方にぴったりのアイテムです。,31300,2023-10-02 14:08,2024-03-07 21:30,NULL
7GJOXNES7Z,フィットネスリズム,SIMカード,フィットネスリズムは、音楽に合わせて楽しくエクササイズできる画期的なフィットネスツールです。特に、自宅でのトレーニングやグループワークアウトに最適で、モチベーションを高めるリズム感を提供します。軽量で持ち運びが容易なので、アウトドアや旅行先でも使用可能です。さらに、初心者から上級者まで幅広いレベルに対応したプログラムがあり、誰でも楽しめるのが魅力です。友人や家族と一緒に使えば、楽しさ倍増のフィットネス体験を実現します。,8700,2024-04-18 13:55,NULL,NULL
SGI0Y3UI73,タブレットワークス,スマートフォン,タブレットワークスは、効率的な作業をサポートする多機能タブレットスタンドです。軽量かつ耐久性に優れたデザインで、オフィスや自宅での使用に最適。360度回転可能な機能により、プレゼンテーションやビデオ通話時に視認性が向上します。また、調整可能な角度で、長時間の作業でも快適さを保つことができます。特に、リモートワークやオンライン授業の際に重宝するアイテムです。,22000,2023-09-20 22:01,2024-06-25 03:52,NULL
JWI5KKZTHH,タブレットフロー,スマートフォン,タブレットフローは、軽量でポータブルなデザインが特徴のタブレットスタンドです。多角度調整が可能で、映画鑑賞やビデオ通話、読書など様々なシチュエーションに最適です。滑り止め機能により、安定した使用感を提供し、長時間の使用でも疲れにくい設計になっています。特に、自宅でリラックスしたい時や、オフィスでのプレゼンテーションにも便利です。タブレットフローを使えば、快適なデジタルライフを実現できます。,18600,2024-04-14 16:29,NULL,NULL
URKO071N48,タブレットエッセンス,スマートフォン,タブレットエッセンスは、肌に潤いを与える高濃度の美容液です。特に乾燥が気になる季節や、エアコンの効いた室内での使用に最適です。軽やかなテクスチャーで、素早く肌になじみ、しっとり感を持続させます。また、メイク前のプレケアとしても効果的で、肌のキメを整え、化粧のノリを向上させます。日常生活の中で、手軽に美肌を実現できるアイテムとしておすすめです。,20700,2024-05-15 09:20,NULL,NULL
T3H67ZNK3A,スマートシールドケース,タブレット,スマートシールドケースは、高耐久性の素材を使用し、衝撃や傷からスマートフォンを守るために設計されています。薄型ながらも優れた保護機能を持ち、手に馴染むデザインが特徴です。特にアウトドアやスポーツシーンでの使用に最適で、持ち運びやすさも考慮されています。さらに、ワイヤレス充電対応で、便利さも兼ね備えています。日常生活からアクティブなシーンまで、幅広く活躍するアイテムです。,5200,2024-08-02 19:39,NULL,NULL
NMN07WNISB,フレックスグリップバンド,タブレット,フレックスグリップバンドは、耐久性に優れた素材で作られたトレーニング用バンドで、筋力トレーニングやリハビリテーションに最適です。特に、握力や腕の筋力を強化したい方におすすめで、家庭でのエクササイズやジムでの使用に適しています。軽量で持ち運びやすく、旅行先でも手軽にトレーニングが可能です。多様な強度設定により、初心者から上級者まで幅広く利用できるのも魅力です。健康維持や体力向上を目指す方に、ぜひ取り入れていただきたいアイテムです。,16400,2023-11-23 11:18,2024-04-11 10:33,NULL
QJQ74NXF0K,エコチャージパッド,タブレット,エコチャージパッドは、環境に優しい素材で作られたワイヤレス充電器です。最大10Wの出力で、スマートフォンやタブレットを迅速に充電でき、過熱防止機能も搭載しています。デスクやリビング、旅行先での使用に最適で、ケーブルの煩わしさを解消します。特に、エコ意識の高い方や、スタイリッシュなインテリアを好む方におすすめです。持ち運びやすく、どんなシチュエーションでも活躍するアイテムです。,34700,2024-02-21 14:38,2024-08-04 01:26,NULL
W2JWLI9PLD,フレキシSIM,ウェアラブルデバイス,フレキシSIMは、自由にデータ容量を選択できる柔軟性が魅力のSIMカードです。旅行や出張時に、使用状況に応じてプランを変更できるため、無駄なコストを抑えられます。また、複数のデバイスで利用可能なので、スマートフォンやタブレットに簡単に対応。さらに、短期間の利用にも適しており、急なネット環境が必要な場面で特におすすめです。フレキシSIMを使えば、快適な通信環境を手軽に手に入れられます。,43400,2024-05-08 20:16,2024-08-05 06:28,NULL
3SRQL49KKL,モバイルリンクSIM,ウェアラブルデバイス,モバイルリンクSIMは、高速データ通信が可能なSIMカードで、国内外問わず手軽にインターネット接続を提供します。特に旅行や出張時に便利で、現地のWi-Fi環境に依存せずに快適にネット利用ができます。また、データ容量が選べるため、短期間の利用にも長期的な使用にも対応。さらに、簡単な設定で即座に使用開始できる点も魅力です。これにより、ビジネスシーンや観光地での情報収集がスムーズに行えます。,39000,2023-10-21 06:22,2023-12-05 22:34,NULL
U0KYFBV46I,フリーダムSIM,ウェアラブルデバイス,フリーダムSIMは、データ通信専用のSIMカードで、契約なしで手軽に使えるのが特徴です。国内外問わず、旅行や出張時に最適で、簡単にデータ通信が可能です。特に、短期間の滞在や一時的な利用にお勧めで、使い切りタイプのプランも用意されています。さらに、通信速度も安定しており、ストリーミングやSNSの利用にも対応しています。手軽さと自由度を兼ね備えたフリーダムSIMは、現代のライフスタイルにぴったりの選択肢です。,12300,2023-12-26 15:15,2024-08-20 12:10,NULL
SLZLHO7OP4,CloudNest Hosting,クラウドストレージ,CloudNest Hostingは、スケーラブルで高性能なクラウドホスティングサービスです。特に、中小企業やスタートアップに最適で、急成長するビジネスのニーズに応じてリソースを柔軟に調整できます。自動バックアップ機能や24時間のサポート体制を備え、安心して運用できます。さらに、SEO対策に優れた高速な読み込み速度を提供し、オンラインショップやブログ運営にも最適です。あなたのビジネスを次のステージへと導く、信頼のパートナーです。,16100,2023-11-22 03:50,2024-02-27 23:40,NULL
ZE3PEUOGN1,SiteSphere Hosting,クラウドストレージ,SiteSphere Hostingは、高速かつ安全なウェブホスティングサービスで、特に中小企業やスタートアップに最適です。独自のCDN技術により、世界中どこでも迅速なページ表示を実現し、ユーザー体験を向上させます。また、スケーラブルなプランを提供しており、ビジネスの成長に応じて柔軟にリソースを調整可能です。さらに、24時間365日のサポート体制を整えているため、トラブル時も安心です。オンラインショップやブログなど、多様な用途に対応した信頼性の高い選択肢です。,12800,2024-08-17 21:49,NULL,NULL
AFM30TRIXQ,HostHaven,クラウドストレージ,HostHavenは、ホスティングサービスを効率的に管理するための革新的なプラットフォームです。ユーザーフレンドリーなインターフェースを備え、複数のドメインやサーバーを一元管理できるため、特に中小企業やフリーランスの方に最適です。リアルタイムのパフォーマンスモニタリング機能があり、トラブルシューティングも迅速に行えます。さらに、セキュリティ対策が充実しているため、安心してビジネスを運営できます。オンラインショップやブログなど、様々なシチュエーションでの利用をお勧めします。,21800,2024-03-03 05:17,2024-08-23 09:47,NULL
QRJP7I1RQ7,スピードリンク,ブロードバンド,スピードリンクは、高速データ転送を実現する次世代の接続デバイスです。特に、オンラインゲームや動画編集など、遅延が許されないシチュエーションに最適です。コンパクトなデザインで持ち運びも簡単なため、出張や旅行先でも活躍します。また、複数のデバイスと同時接続が可能で、家族や友人とシェアして使うのにも便利です。スピードリンクを利用することで、ストレスフリーなネットワーク体験が得られます。,24800,2024-01-22 04:23,2024-05-05 00:42,NULL
TRMKLF7DTP,ファイバーウェーブ,ブロードバンド,ファイバーウェーブは、高性能なファイバー素材を使用した軽量で耐久性に優れた商品です。特に、アウトドアやスポーツシーンでの使用に最適で、通気性が良く、快適な着心地を実現します。また、速乾性があり、汗をかいてもすぐに乾くため、アクティブなライフスタイルをサポートします。さらに、スタイリッシュなデザインは、普段使いにもぴったりです。ファイバーウェーブは、様々なシチュエーションで活躍すること間違いなしです。,28800,2023-10-01 04:05,2023-12-22 09:32,NULL
LZX0JLAH8X,ネットスパーク,ブロードバンド,ネットスパークは、高速インターネット接続を提供するための優れたデバイスです。特に、複数のデバイスを同時に接続する家庭やオフィスに最適で、ストリーミングやオンラインゲームも快適に楽しめます。独自のセキュリティ機能が搭載されており、安心してネットを利用できるのも大きな特徴です。リモートワークやオンライン授業の需要が高まる中、安定した通信環境を求める方に特にお勧めです。ネットスパークで、快適なデジタルライフを実現しましょう。,35900,2024-01-06 09:07,NULL,NULL
M8SMLGUTSE,ネットワークナビゲーター,VPNサービス,ネットワークナビゲーターは、家庭やオフィスのネットワーク環境を最適化するための高機能デバイスです。自動的に接続状況を分析し、最適なルートを選択することで、ストリーミングやオンラインゲーム時の遅延を軽減します。特に、複数のデバイスが同時に使用されるシチュエーションにおいて、そのパフォーマンスを最大限に引き出すことができます。また、セキュリティ機能も充実しており、安心してインターネットを楽しむことが可能です。家庭のエンターテインメントやビジネス環境に最適な選択肢です。,30700,2024-04-11 08:51,2024-08-23 20:54,NULL
WM06T7O5HU,Wi-Fiウィング,VPNサービス,Wi-Fiウィングは、高速インターネット接続を提供する革新的なデバイスで、家庭やオフィスでの使用に最適です。独自のメッシュネットワーク技術により、広範囲にわたるカバー範囲を実現し、死角をなくします。特に、オンラインゲームやストリーミングサービスを利用する際に、そのパフォーマンスを最大限に引き出します。また、簡単な設定で複数のデバイスを同時接続できるため、家族や同僚と快適にインターネットを共有できます。どんなシチュエーションでも、Wi-Fiウィングがあれば安定した接続を楽しめます。,30200,2023-12-13 20:46,2024-01-11 14:16,NULL
1PF787HVD9,ブロードバンドバースト,VPNサービス,ブロードバンドバーストは、高速インターネット接続を提供する革新的なサービスで、特にデータ使用量が多い家庭やオフィスに最適です。独自の技術により、ピーク時でも安定した通信速度を実現し、オンラインゲームや動画ストリーミングに最適な環境を整えます。また、簡単な設定で迅速に利用開始できるため、急なインターネット需要にも対応可能です。特にリモートワークやオンライン授業が増えている今、信頼性の高い接続を求める方におすすめです。,13900,2024-02-22 07:46,2024-05-31 06:39,NULL
KJC0OZMC9P,SecureTunnel,Webホスティング,SecureTunnelは、高度な暗号化技術を用いたVPNサービスで、オンラインプライバシーとセキュリティを強化します。リモートワークや公共Wi-Fiを利用する際に、安心してデータをやり取りできる環境を提供します。特に、企業の機密情報を扱う業務や、海外からのアクセスが必要な場合に最適です。さらに、ユーザーフレンドリーなインターフェースで、初心者でも簡単に設定・利用が可能です。SecureTunnelを使えば、安全かつ快適なインターネット環境を実現できます。,12800,2024-04-18 20:01,2024-05-21 20:36,NULL
LPG19DRL6X,PrivacyShield VPN,Webホスティング,PrivacyShield VPNは、高度な暗号化技術を用いてインターネット接続を保護するためのVPNサービスです。特に公共Wi-Fiを利用する際に、個人情報やデータを安全に守ることができます。また、地域制限を回避して、海外のコンテンツにアクセスする際にも便利です。さらに、簡単なインターフェースで初心者でも使いやすく、複数のデバイスで同時接続が可能です。セキュリティを重視する方や、旅行中に安心してネットを利用したい方に最適です。,7800,2024-08-03 23:36,NULL,NULL
6COU7Q80MD,StealthGuard VPN,Webホスティング,StealthGuard VPNは、高度な暗号化技術を用いてユーザーのオンラインプライバシーを保護するサービスです。特に公共のWi-Fi環境での利用に最適で、セキュリティリスクを軽減します。また、地理的制限を回避して、世界中のコンテンツにアクセスできる点も魅力です。さらに、シンプルなインターフェースで初心者でも簡単に操作可能です。旅行や出張時の安心なインターネット接続を求める方におすすめです。,48200,2023-09-26 15:52,2024-04-26 17:18,NULL
EMO06QNXKX,SkyVault,Wi-Fiサービス,SkyVaultは、クラウドベースのストレージソリューションで、高度なセキュリティ機能と直感的なインターフェースを兼ね備えています。特に、ビジネスチームが共同作業を行う際に、リアルタイムでのファイル共有や編集が可能です。データのバックアップや管理が容易で、リモートワークや出張時にも安心して利用できます。さらに、ユーザーごとのアクセス権限設定ができるため、機密情報の保護にも最適です。多様なデバイスからアクセスできるため、どんなシチュエーションでもスムーズに業務を進められます。,5200,2024-04-10 00:54,2024-08-14 00:57,NULL
VP81LYMP8C,DataNimbus,Wi-Fiサービス,DataNimbusは、クラウドベースのデータ管理ソリューションで、リアルタイムでのデータ分析と可視化を実現します。特に、大量のデータを扱うビジネスや研究機関に最適で、迅速な意思決定をサポートします。ユーザーフレンドリーなインターフェースにより、専門知識がなくても簡単に操作可能です。プロジェクト管理やマーケティング分析など、チームでのコラボレーションを強化するシーンで特に効果を発揮します。データの安全性も重視されており、安心して利用できるのが大きな魅力です。,5100,2024-02-12 11:59,NULL,NULL
BAZ0PHOGRC,CloudNest,Wi-Fiサービス,CloudNestは、快適な睡眠環境を提供するために設計された高機能な寝具です。独自の温度調整技術により、季節を問わず最適な寝心地を実現し、アレルギー対策も施されています。特に、ストレスの多い仕事帰りや、リラックスしたい週末に最適です。コンパクトに収納できるため、旅行や出張先でも活躍します。心地よい眠りを求める方に、ぜひお勧めしたいアイテムです。,20300,2024-02-10 18:58,NULL,NULL
FZE9INV1KK,セキュリティバリア,アンチウイルス,セキュリティバリアは、個人や企業の安全を守るために設計された高性能な防護システムです。耐久性に優れた素材を使用し、簡単に設置できるため、イベントや工事現場での一時的なセキュリティ確保に最適です。また、視認性の高いデザインが特徴で、通行人への注意喚起にも役立ちます。さらに、軽量で持ち運びが容易なため、急な対応が求められるシーンでも活躍します。安心・安全な環境を提供するための頼もしいパートナーです。,23800,2024-07-27 11:16,NULL,NULL
7PSWVYBZQX,セキュリティシールド,アンチウイルス,セキュリティシールドは、最新のセキュリティ技術を搭載した防犯製品で、家庭やオフィスの安全を強化します。高感度センサーが侵入者を感知し、リアルタイムで警告を発信するため、迅速な対応が可能です。また、スマートフォンとの連携機能により、外出先からも監視ができ、安心感を提供します。特に、長時間不在にする際や、夜間の防犯対策としておすすめです。シンプルな設置で、すぐに利用できるのも大きな魅力です。,34300,2024-07-30 02:38,NULL,NULL
3UNFQKQ1QS,セキュアガードウォール,アンチウイルス,セキュアガードウォールは、高度なセキュリティ機能を備えた防護壁で、商業施設や公共空間での使用に最適です。耐衝撃性に優れ、侵入者からの防御を提供しつつ、視覚的な美しさも兼ね備えています。特に、イベント会場や学校の周辺での設置が推奨され、安心感を与えることで、利用者の安全を確保します。また、簡単な設置とメンテナンスが可能で、柔軟なレイアウト変更にも対応します。セキュアガードウォールで、より安全な環境を実現しましょう。,20400,2024-05-06 03:01,2024-08-29 09:34,NULL
GZ8D27ZLIC,GuardEye,セキュリティカメラ,GuardEyeは、最新のAI技術を搭載したスマートセキュリティカメラです。高解像度の映像と夜間撮影機能により、24時間体制での監視が可能です。特に、店舗やオフィスの防犯対策に最適で、不審者の検知やリアルタイム通知機能が備わっています。また、簡単な設置と操作で、初心者でも安心して利用できるのが魅力です。家庭の安全を守るためにも、GuardEyeは強力なパートナーとなるでしょう。,26000,2023-12-23 02:19,NULL,NULL
605S9NIHMN,VirusShield Pro,セキュリティカメラ,VirusShield Proは、最先端のウイルス対策技術を搭載した高性能空気清浄機です。HEPAフィルターとUV-Cライトを組み合わせ、99.9%のウイルスやバイ菌を除去するため、家庭やオフィスでの使用に最適です。特に、感染症が流行する季節や、子供や高齢者がいる家庭での使用を強くお勧めします。また、静音設計により、夜間の使用でも安心してご利用いただけます。健康を守るための強力なパートナーとして、VirusShield Proをぜひご活用ください。,39700,2023-09-08 17:13,2024-02-09 23:25,NULL
2809P8I08J,MalwareGuardia,セキュリティカメラ,MalwareGuardiaは、リアルタイムでのマルウェア検出と防止を実現する高性能なセキュリティソフトウェアです。特に企業や個人の重要データを守るために設計されており、フィッシング攻撃やランサムウェアからの防御に優れています。ユーザーフレンドリーなインターフェースを備え、導入も簡単で、特にリモートワーク環境やクラウドサービス利用時に最適です。定期的な自動アップデートにより、最新の脅威にも対応可能です。安心してデジタルライフを楽しむための強力なパートナーとして、ぜひご活用ください。,23600,2024-05-18 15:55,2024-06-06 01:36,NULL
BVVGZYLMT1,GuardEye,マルウェア対策,GuardEyeは、先進のAI技術を搭載したセキュリティカメラで、リアルタイムでの監視と異常検知が可能です。屋内外問わず使用でき、防水性能も備えているため、様々な環境での設置が適しています。特に、店舗やオフィスのセキュリティ強化に最適で、24時間体制での安心を提供します。スマートフォンアプリと連携し、外出先からも簡単に監視状況を確認できるのが大きな魅力です。GuardEyeを導入することで、万が一のトラブルにも迅速に対応できる環境が整います。,5400,2024-01-11 18:10,NULL,NULL
VKYK4RZHOX,WatchTower Cam,マルウェア対策,WatchTower Camは、360度の視野を持つ高解像度のセキュリティカメラで、屋外でも安心して使用できる防水設計が特徴です。リアルタイムでのモニタリングが可能で、スマートフォンアプリを通じていつでもどこでも映像を確認できます。特に、家庭の防犯や店舗の監視に最適で、不審者の早期発見に役立ちます。また、夜間でも鮮明な映像を提供するナイトビジョン機能があり、暗い場所でも安心です。自宅やビジネスの安全を守るための強力なツールとしてお勧めです。,37500,2024-06-16 18:47,NULL,NULL
6JWL966BHE,Sentinel View,マルウェア対策,Sentinel Viewは、高解像度の監視カメラで、リアルタイムの映像配信と高度な動体検知機能を搭載しています。この商品は、家庭やオフィスのセキュリティを強化するために最適で、特に夜間や暗い環境でも鮮明な映像を提供します。さらに、スマートフォンアプリを通じて遠隔監視が可能なので、外出先でも安心して状況を把握できます。防水設計により屋外でも使用でき、庭や駐車場の監視にも適しています。信頼性と利便性を兼ね備えたSentinel Viewは、安心な日常をサポートします。,18100,2024-06-22 21:37,NULL,NULL
ELONGGRVW6,ウイルスバリア,ファイアウォール,ウイルスバリアは、ウイルスや細菌の侵入を防ぐために特別に設計された高性能なフィルターです。家庭やオフィス、公共交通機関など、さまざまなシチュエーションでの使用が推奨されており、特に感染症が流行する季節には必須アイテムです。軽量で持ち運びやすく、簡単に取り付けられるため、手軽に安心を提供します。さらに、抗菌加工が施されており、長期間にわたって効果を発揮します。ウイルスバリアを使うことで、あなたと大切な人々を守る一歩を踏み出しましょう。,30500,2024-04-09 08:03,NULL,NULL
8MNXS50JH3,マルウェアシールド,ファイアウォール,マルウェアシールドは、最新のウイルスやマルウェアからデバイスを保護するための高度なセキュリティソフトウェアです。リアルタイムで脅威を検出し、ユーザーのデータを安全に守る機能が特徴です。特に、リモートワークやオンラインショッピングを頻繁に行う方におすすめで、安心してインターネットを利用できます。また、簡単なインターフェースで初心者でも扱いやすく、迅速なサポートも提供しています。これにより、ビジネスやプライベートの両方で安心してデジタルライフを楽しむことができます。,7600,2024-07-02 19:22,NULL,NULL
G3A6P3N4GM,セキュリティガーディアン,ファイアウォール,セキュリティガーディアンは、家庭やオフィスの安全を守るための高度な監視システムです。リアルタイムでの映像監視や異常検知機能を備えており、スマートフォンからの遠隔操作も可能です。この商品は、夜間の防犯対策や、留守中のペットの見守りに最適です。特に、簡単な設置と直感的な操作性が特徴で、初心者でも安心して使用できます。セキュリティガーディアンで、あなたの大切な空間をしっかり守りましょう。,14100,2023-11-06 21:46,2024-08-27 21:38,NULL
P0PVKWMFWR,印刷名人,プリンター,印刷名人は、高品質な名刺やチラシを簡単に作成できる便利なツールです。特にビジネスシーンやイベントでのネットワーキングに最適で、プロフェッショナルな印象を与えます。独自のデザインテンプレートや豊富なカスタマイズオプションにより、個性を引き出すことが可能です。自宅やオフィスで手軽に印刷できるため、急な必要にも対応できます。印刷名人で、あなたのブランドを一層引き立てましょう。,11800,2024-05-31 07:36,NULL,NULL
5DQIDYTO3T,プリントパレット,プリンター,プリントパレットは、独自のデザインを施した高品質な印刷パレットで、特にアートやDIYプロジェクトに最適です。耐久性に優れた素材で作られており、色鮮やかなプリントが長持ちします。家庭でのクラフト活動や、学校の工作教室などでの使用におすすめです。また、ギフトとしても喜ばれるアイテムで、個性的なプレゼントを演出できます。手軽に使えるため、初心者から上級者まで幅広く楽しめる商品です。,11600,2024-05-21 13:45,NULL,NULL
7KNT7YGA79,インクスパイア,プリンター,インクスパイアは、創造力を引き出すために設計された多機能な文房具です。特に、アイデア出しやブレインストーミングの場面でその真価を発揮します。独自のインク技術により、滑らかな書き心地と鮮やかな発色を実現し、視覚的なインスピレーションを与えます。オフィスや学校、クリエイティブなプロジェクトに最適で、使う人の想像力をかき立てます。日常のメモ書きからプレゼンテーションの準備まで、幅広いシチュエーションで活躍する一品です。,9800,2024-07-11 09:48,NULL,NULL
1I69H29M8Z,オフィスオールインワン,スキャナー,オフィスオールインワンは、ビジネスシーンに最適な多機能アイテムで、スーツとしてのフォーマルさと動きやすさを兼ね備えています。通勤時や会議、カジュアルな社内イベントなど、幅広いシチュエーションで活躍します。特に、ストレッチ素材を使用しているため、長時間の着用でも快適さを保ちます。さらに、洗濯が簡単でシワになりにくい設計が、忙しいビジネスパーソンにぴったりです。これ一着で、スタイリッシュかつ機能的な印象を演出できます。,53500,2024-07-17 05:53,NULL,NULL
G033Q1QI0Z,ビジネスブレインマシン,スキャナー,ビジネスブレインマシンは、革新的な思考支援ツールで、アイデアの発掘や問題解決を促進します。高度なAI技術を搭載し、ユーザーの思考パターンを分析して最適な提案を行います。特に、チームミーティングやブレインストーミングセッションでの活用が推奨されており、参加者の創造性を引き出すのに最適です。直感的なインターフェースで、初心者でもすぐに使いこなせるのが特徴です。ビジネスの現場で新たな発想を生み出すための強力なパートナーとなるでしょう。,8900,2024-07-15 22:35,2024-08-24 16:54,NULL
95916MF0BS,オフィスマスターボックス,スキャナー,オフィスマスターボックスは、デスク周りの整理整頓をサポートする多機能収納ボックスです。コンパクトながら、書類や文房具を効率的に収納できるスペースを確保しており、特にリモートワークや小さなオフィスに最適です。耐久性に優れた素材を使用しているため、長期間の使用にも耐えられます。さらに、シンプルでスタイリッシュなデザインは、どんなインテリアにもマッチします。業務効率を向上させるための必需品として、ぜひお勧めします。,6100,2023-11-06 10:41,2024-08-02 03:13,NULL
SGZBTOFAVW,ScanVibe,オフィス用複合機,ScanVibeは、最新のスキャン技術を搭載したポータブルデバイスで、迅速かつ正確に物体の情報を取得できます。特に、店舗の在庫管理やイベントでの参加者データ収集に最適です。ユーザーフレンドリーなインターフェースにより、誰でも簡単に操作できるのが特長です。さらに、リアルタイムでデータを分析・共有できるため、効率的な意思決定をサポートします。ビジネスシーンやイベント運営において、ScanVibeは欠かせないツールとなるでしょう。,23800,2023-12-08 20:01,2024-07-27 06:16,NULL
1G1U3KXOEJ,ScanWave,オフィス用複合機,ScanWaveは、高精度なスキャン技術を搭載したポータブルデバイスで、文書や名刺のデジタル化を迅速に行えます。特にビジネスシーンや学術研究において、紙資料を効率よく管理したい方に最適です。自動補正機能により、スキャンした画像の品質も向上し、クリアなデジタルデータを提供します。会議やセミナーでの資料整理や、図書館での文献収集において、その利便性を実感できるでしょう。コンパクトなデザインで持ち運びも簡単なので、外出先でも活躍します。,37300,2024-04-28 12:57,2024-05-12 23:47,NULL
M0ZN8XBGKR,ScanSonic,オフィス用複合機,ScanSonicは、高精度なスキャン機能を備えたデジタルスキャナーで、文書や写真を迅速にデジタル化できます。特に、オフィスや家庭での書類整理、アーカイブ作業に最適です。コンパクトなデザインで持ち運びも容易なため、出張やイベントでの使用にも便利です。また、専用ソフトウェアを利用することで、スキャンしたデータの管理や編集が簡単に行えます。高品質なスキャン結果を求める方に特におすすめです。,28800,2024-07-16 13:29,NULL,NULL
FMYYE4KVZL,ファクシミリクイック送信器,ファクシミリ,ファクシミリクイック送信器は、高速かつ簡単に文書を送信できる便利なデバイスです。特に、ビジネスシーンや緊急のコミュニケーションが求められる場面に最適で、複雑な設定なしにすぐに使用可能です。ユーザーフレンドリーなインターフェースにより、初心者でも安心して操作できます。また、セキュリティ機能も充実しており、重要な情報を安全に送信することができます。業務効率を向上させたい方にぜひお勧めしたい商品です。,36700,2023-10-03 15:55,2024-05-14 15:34,NULL
ZYY0BEKQK6,ファクシミリエクスプレス,ファクシミリ,ファクシミリエクスプレスは、高速かつ高品質なファクス送信を実現する革新的なデバイスです。オフィスや店舗でのビジネスコミュニケーションに最適で、特に急な書類送信が求められるシチュエーションにお勧めです。自動的な文書スキャン機能により、手間を省き、効率的な作業をサポートします。さらに、コンパクトなデザインでスペースを取らず、どんな環境にもフィットします。信頼性の高いファクス送信を求める方に、ぜひご利用いただきたい商品です。,44300,2024-01-11 15:17,NULL,NULL
93HBO0EQ2D,ファクシミリフロー,ファクシミリ,ファクシミリフローは、高速で高品質なファックス送信を実現する先進的なデバイスです。特にビジネスシーンにおいて、重要な書類や契約書を迅速に送信する際に最適です。自動的に文書をスキャンし、デジタル化して送信するため、紙の無駄を削減し、環境にも配慮しています。また、ユーザーフレンドリーなインターフェースにより、誰でも簡単に操作できるのが特長です。オフィスや商談の場で、信頼性の高い通信手段を求める方にお勧めです。,18700,2023-10-09 03:43,2024-03-10 15:18,NULL
7JBBIUF3QU,FileNest,ウェブサーバー,FileNestは、デジタルデータを整理・管理するための革新的なソリューションです。直感的なインターフェースと高いセキュリティ機能を備え、ビジネスや個人のファイル管理に最適です。特に、プロジェクトチームでの共同作業や、リモートワークの環境において、その利便性が際立ちます。また、クラウドストレージとの連携も可能で、どこでもアクセスできる点が魅力です。データの整理整頓を効率的に行いたい方におすすめです。,21700,2023-10-23 16:02,2024-08-15 14:50,NULL
BN47KP5DYK,MailNest,ウェブサーバー,MailNestは、デジタル時代の必需品として設計されたスマートな郵便受けです。自動通知機能を搭載し、郵便物の到着をスマートフォンでリアルタイムに確認できます。特に、忙しいビジネスパーソンや外出が多い家庭に最適で、郵便物の管理が簡単になります。さらに、防水・防塵設計により、屋外でも安心して使用できるのが魅力です。これにより、郵便物の取り忘れや盗難のリスクを大幅に軽減します。,10800,2023-12-04 10:39,NULL,NULL
NYCKKQ7VEN,MailHaven,ウェブサーバー,MailHavenは、郵便物や小包を安全に受け取るための革新的な収納ボックスです。耐候性に優れたデザインで、屋外に設置しても安心。特に不在時の受け取りに最適で、盗難や悪天候から大切な荷物を守ります。シンプルなロック機能により、家族や友人と共有することも簡単です。忙しいライフスタイルを送る方に、便利で安心な郵便受けとしてお勧めです。,21200,2023-12-05 07:35,2024-02-09 02:00,NULL
P8N7DNRO5Y,ファイルフォートレス,メールサーバー,ファイルフォートレスは、書類や貴重品を安全に保管するための高性能なセキュリティボックスです。耐火性と防水性を兼ね備えており、火災や水害から大切な資料を守ります。特に家庭やオフィスでの重要書類の保管に最適で、緊急時にも安心です。また、コンパクトなデザインで、収納スペースを取らず、持ち運びも容易です。大切なものをしっかり守りたい方におすすめのアイテムです。,14000,2023-12-25 03:00,NULL,NULL
WK09AB9UNP,ファイルセキュア,メールサーバー,ファイルセキュアは、機密情報を安全に管理・保存するための高性能なデジタルセキュリティソリューションです。暗号化技術を用いてデータを保護し、アクセス権限を厳格に設定できるため、企業の内部情報や個人情報を安心して扱えます。特に、リモートワークやクラウド環境でのデータ共有時に、そのセキュリティ機能が真価を発揮します。万が一のデータ漏洩リスクを低減し、コンプライアンス遵守をサポートするため、あらゆる業種において導入をお勧めします。安全なデータ管理を実現するファイルセキュアで、安心してビジネスを展開しましょう。,36400,2024-02-09 09:54,NULL,NULL
HU1LUCYO06,データストリームハブ,メールサーバー,データストリームハブは、リアルタイムデータの収集・分析を効率的に行うためのプラットフォームです。多種多様なデータソースと連携可能で、ビジネスインテリジェンスやIoTアプリケーションに最適です。特に、急速に変化する市場環境において、迅速な意思決定をサポートします。データの可視化機能も充実しており、チーム全体での情報共有がスムーズに行えます。複雑なデータ処理を簡素化し、ビジネスの成長を加速させる頼もしいツールです。,27400,2024-07-10 08:42,NULL,NULL
0B2JY2H068,データストリームキャビネット,データベースサーバー,データストリームキャビネットは、高性能なデータ管理とセキュリティを兼ね備えた先進的な収納ソリューションです。特に、機密性の高いデータを扱う企業や研究機関に最適で、アクセス制御機能により情報漏洩のリスクを低減します。さらに、モジュール式のデザインにより、スペースに応じたカスタマイズが可能です。データの整理や保管が求められるオフィス環境や、デジタルアーカイブを必要とする図書館などでの使用をお勧めします。効率的で安全なデータ管理を実現するこのキャビネットは、現代のビジネスシーンに欠かせないアイテムです。,38300,2024-04-02 21:51,2024-04-22 05:23,NULL
FGDSVCL06J,データベースアトラス,データベースサーバー,データベースアトラスは、企業のデータ管理を効率化するための高機能ツールです。直感的なインターフェースを備え、複雑なデータ構造を視覚的に把握できるため、データ分析や報告書作成がスムーズに行えます。特に、プロジェクトチームやデータサイエンティストに最適で、リアルタイムでのデータ共有が可能です。データの整合性を保ちながら、迅速な意思決定をサポートするため、ビジネスの成長を促進します。データ駆動型の戦略を推進したい企業にお勧めです。,14400,2024-07-22 00:12,2024-08-21 23:06,NULL
8YY30KHEHG,データベースオデッセイ,データベースサーバー,「データベースオデッセイ」は、効率的なデータ管理を実現するための革新的なソリューションです。多様なデータ形式に対応し、リアルタイムでの分析が可能なため、ビジネスインテリジェンスやマーケティング戦略の策定に最適です。特に、大量のデータを扱う企業や研究機関において、そのパフォーマンスは顕著に発揮されます。直感的なインターフェースにより、専門知識がないユーザーでも簡単に操作できる点が魅力です。データ駆動型の意思決定をサポートし、競争力を向上させるための強力なツールとしてお勧めします。,37300,2024-07-01 02:08,NULL,NULL
EHJCH2PO4U,WebSphere,ファイルサーバー,WebSphereはIBMが提供するアプリケーションサーバーで、Java EEに基づいたエンタープライズアプリケーションの開発と運用を支援します。高いスケーラビリティと信頼性を備えており、クラウド環境やオンプレミスでの導入が可能です。特に、大規模なトランザクション処理を必要とする金融機関や、複雑なビジネスロジックを持つ企業向けに最適です。また、コンテナ化やマイクロサービスアーキテクチャにも対応しており、現代のIT環境に柔軟に適応します。,30100,2023-09-30 08:24,2024-03-11 02:30,NULL
0T9YTA9E3C,CloudNest Server,ファイルサーバー,CloudNest Serverは、高性能なクラウドベースのサーバーソリューションで、データの安全性とスケーラビリティを兼ね備えています。特に中小企業やスタートアップに最適で、迅速なデータアクセスとバックアップ機能を提供し、ビジネスの成長をサポートします。ユーザーフレンドリーなインターフェースにより、IT知識が少ない方でも簡単に管理可能です。リモートワークやチームコラボレーションに最適な環境を整え、効率的な業務運営を実現します。CloudNest Serverで、安心してビジネスを拡大しましょう。,6700,2024-03-23 22:22,NULL,NULL
LYK5RZ5JJW,HyperWeb Nexus,ファイルサーバー,HyperWeb Nexusは、次世代の高性能Wi-Fiルーターで、最大3000Mbpsの超高速通信を実現します。独自のAIトラフィック管理機能により、複数デバイスの同時接続でも安定した速度を維持します。家庭でのストリーミングやオンラインゲームに最適で、特に大容量データのやり取りが頻繁なオフィス環境でも力を発揮します。さらに、セキュリティ機能が強化されており、安心してネットワークを利用できます。これにより、快適なインターネット体験を提供します。,53200,2024-01-07 00:47,2024-06-01 20:46,NULL
NU212I8EAW,エリートゲーマーX,デスクトップPC,エリートゲーマーXは、プロゲーマー向けに設計された高性能ゲーミングデバイスです。独自のエルゴノミクスデザインにより、長時間のプレイでも快適さを維持し、精密な操作が可能です。特にFPSやMOBAゲームに最適で、リアルタイムでの反応速度を向上させます。さらに、カスタマイズ可能なボタン配置により、プレイヤーのスタイルに合わせた操作が実現できます。大会や友人との対戦時に、あなたのゲーム体験を次のレベルへ引き上げる一品です。,12600,2024-07-01 02:47,NULL,NULL
949Z0H3KLR,ゲーミングブレイカーZ,デスクトップPC,ゲーミングブレイカーZは、ハイパフォーマンスなゲーミングデバイスで、特にFPSゲームやアクションゲームに最適です。独自のエルゴノミクスデザインにより、長時間のプレイでも疲れにくく、快適な操作性を提供します。高精度センサーとカスタマイズ可能なボタン配置により、瞬時の反応が求められるシチュエーションでも優れたパフォーマンスを発揮します。さらに、RGBライティング機能が搭載されており、ゲーミング環境を一層盛り上げます。競技シーンや友人とのマルチプレイに最適なアイテムです。,40000,2024-05-09 09:53,NULL,NULL
NDGKNPTNLK,ゲームマスターVortex,デスクトップPC,ゲームマスターVortexは、卓上RPGやボードゲームの進行をスムーズにするための革新的なツールです。直感的なインターフェースと豊富なカスタマイズ機能により、プレイヤーはシナリオに合わせた演出が可能です。特に、大人数でのセッションや複雑なストーリー展開において、その真価を発揮します。さらに、リアルタイムでの情報共有ができるため、オンラインプレイにも最適です。友人とのゲームナイトやイベントでの活用をお勧めします。,10600,2023-12-20 05:02,NULL,NULL
Q0WOPM4JJW,PixelForge Desktop,ゲーミングPC,PixelForge Desktopは、高性能なグラフィックデザインツールで、特にデジタルアートやイラスト制作に最適です。直感的なインターフェースと豊富なカスタマイズ機能により、初心者からプロフェッショナルまで幅広く利用できます。特に、リアルタイムコラボレーション機能が搭載されているため、チームでのプロジェクトにも最適です。クリエイティブなブレインストーミングや、オンラインワークショップでも活躍するでしょう。自宅での作業から、オフィスでのチーム作業まで、様々なシチュエーションでおすすめです。,5900,2024-01-30 11:42,NULL,NULL
MCEZTT0O1J,QuantumCraft Desktop,ゲーミングPC,QuantumCraft Desktopは、高性能なデスクトップコンピュータで、最新の量子コンピューティング技術を活用しています。特にデータ解析やシミュレーションに優れ、科学研究やエンジニアリング分野での利用に最適です。コンパクトなデザインは、限られたスペースでも扱いやすく、オフィスや自宅での使用に適しています。さらに、直感的なユーザーインターフェースは、初心者でも簡単に操作できるため、幅広いユーザー層にお勧めです。量子技術を日常的に活用したい方には、特に魅力的な選択肢となるでしょう。,25300,2024-06-02 08:12,NULL,NULL
QB5VHY9IQR,NexGen Station,ゲーミングPC,NexGen Stationは、最新のテクノロジーを搭載した多機能ステーションで、充電、データ転送、メディア再生を一台で実現します。特に、スマートフォンやタブレットの急速充電機能が魅力で、忙しいビジネスパーソンや学生に最適です。さらに、コンパクトなデザインは、オフィスや自宅、旅行先でも場所を取らずに使用できます。友人との共同作業やプレゼンテーション時にも便利で、さまざまなシチュエーションで活躍します。NexGen Stationは、あなたの日常をより便利にする必須アイテムです。,38400,2023-11-03 04:54,2023-12-25 03:00,NULL
DTT0HA4RYE,プロビジョンPC,ビジネスPC,プロビジョンPCは、業務効率を向上させるために特別に設計された高性能ノートパソコンです。軽量かつコンパクトなデザインで、外出先でのプレゼンテーションやリモートワークに最適です。最新のプロセッサと大容量メモリを搭載しており、マルチタスクもスムーズにこなせます。特に、ビジネス用途やクリエイティブな作業を行う方におすすめです。長時間のバッテリー駆動も魅力で、移動中でも安心して使用できます。,21900,2023-11-18 15:33,NULL,NULL
2YNP7O7VVF,エフィシェントワークPC,ビジネスPC,エフィシェントワークPCは、高性能なプロセッサと省エネ設計を兼ね備えたビジネス向けのデスクトップPCです。特に、長時間の使用でも発熱を抑え、静音性に優れているため、オフィス環境や自宅での集中作業に最適です。多様なポート接続により、周辺機器との互換性も抜群で、デザインも洗練されています。テレワークやオンライン会議を頻繁に行う方に特におすすめです。エフィシェントワークPCで、効率的かつ快適な作業環境を実現しましょう。,21900,2024-06-23 04:37,2024-07-03 21:51,NULL
U0C8MV3ZTP,ビジネスブレインPC,ビジネスPC,ビジネスブレインPCは、高性能プロセッサと大容量メモリを搭載し、快適なマルチタスクを実現します。特に、ビジネス文書作成やデータ分析、プレゼンテーション作成に最適です。コンパクトなデザインで持ち運びも容易なため、出張や会議での使用にもぴったり。セキュリティ機能も充実しており、企業の重要なデータを守ります。効率的な業務をサポートし、ビジネスシーンでの信頼性を高める一台です。,16100,2024-07-12 16:45,NULL,NULL
LYOC2WABA2,スリムブレインノート,ノートPC,スリムブレインノートは、薄型で持ち運びやすいデザインが特徴のノートです。高品質な紙を使用しており、インクのにじみを防ぎ、スムーズな書き心地を提供します。ビジネスシーンや学校でのメモ取り、アイデアの整理に最適で、特にプレゼンテーションの準備や会議の議事録に重宝します。シンプルでスタイリッシュな外観は、どんな場面でもマッチし、使う人のセンスを引き立てます。スリムブレインノートで、あなたの思考をスムーズに整理しましょう。,35100,2024-05-03 11:37,2024-05-27 10:22,NULL
D1AOBXGZ7Q,エコノミックブレインタワー,ノートPC,エコノミックブレインタワーは、効率的な思考を促進するために設計された革新的なツールです。コンパクトなデザインで、オフィスや自宅のデスクに最適にフィットし、ストレスを軽減しながら集中力を高めます。特に、ブレインストーミングやプロジェクトの計画において、その効果を発揮します。さらに、持ち運びが簡単なので、会議やセミナーでも活用できるのが魅力です。日々の業務を効率化し、創造的な発想を引き出すためにぜひお勧めします。,6700,2024-01-05 21:56,2024-07-07 02:40,NULL
90Q9VYRVSK,エコパワーゲーミングタワー,ノートPC,エコパワーゲーミングタワーは、高性能なゲーミング体験を提供するために設計された、エコフレンドリーなPCです。最新のグラフィックカードとプロセッサを搭載し、リアルなグラフィックスでゲームを楽しむことができます。省エネルギー設計により、長時間のプレイでも電力消費を抑え、環境にも配慮されています。カスタマイズ性が高く、個々のニーズに合わせたアップグレードが可能です。友人とのオンライン対戦や、ストリーミング配信を楽しむシチュエーションに最適です。,28100,2024-03-11 21:19,2024-08-26 02:13,NULL
GGDTWZNYIC,センサリウム,スマートウォッチ,センサリウムは、感覚を刺激する多機能な製品で、視覚、聴覚、触覚を通じてリラックスや集中を促進します。特に、ストレス解消やリラックスが求められる環境、例えば自宅でのリフレッシュタイムやオフィスでのブレイクに最適です。独自のデザインと調整可能な機能により、個々のニーズに合わせた体験が可能です。さらに、教育現場や療育施設でも活用され、感覚統合を支援します。センサリウムは、日常生活に心地よいひとときを提供するアイテムです。,14500,2024-06-22 06:13,NULL,NULL
GOV661UC9V,センサーモニター,スマートウォッチ,センサーモニターは、温度や湿度、光量などの環境データをリアルタイムで測定・表示する高精度なデバイスです。家庭やオフィス、農業現場など、さまざまなシチュエーションでの使用に最適で、特に温度管理が重要な冷蔵庫や育成環境のモニタリングに役立ちます。スマートフォンと連携可能なアプリを通じて、遠隔からのデータ確認やアラート設定ができる点も魅力です。これにより、快適な環境維持や資源の無駄を減らすことができます。ぜひ、効率的な環境管理を実現するためにご活用ください。,16400,2024-05-20 16:23,2024-08-13 15:23,NULL
05R46SIJHY,SensoSphere,スマートウォッチ,SensoSphereは、革新的なセンサー技術を搭載したスマートデバイスで、リアルタイムで環境データを収集・分析します。家庭やオフィスでの空気質や温度、湿度のモニタリングに最適で、健康的な生活空間をサポートします。特に、アレルギーや喘息を持つ方におすすめで、快適な環境を維持する手助けをします。また、スマートフォンアプリとの連携により、データを簡単に確認・管理できるのも大きな魅力です。SensoSphereを活用することで、より良い生活環境を実現しましょう。,18200,2023-12-05 18:11,2024-01-23 08:37,NULL
7RM5SKJIBV,EchoSphere,スマートスピーカー,EchoSphereは、360度のサウンド体験を提供するポータブルスピーカーです。高音質のオーディオと長時間のバッテリー寿命を兼ね備え、屋外でのパーティーやキャンプ、家庭でのリラックスタイムに最適です。また、スマートフォンとの簡単な接続が可能で、音声アシスタント機能も搭載しています。これにより、音楽の再生やスマートホームデバイスの操作が手軽に行えます。EchoSphereは、どんなシーンでもあなたの音楽体験を豊かにするアイテムです。,11600,2024-03-21 03:01,2024-05-24 12:39,NULL
BNJBT7LP9E,SoundNest,スマートスピーカー,SoundNestは、音楽とリラクゼーションを融合させた革新的なスピーカーです。高品質なサウンドと共に、内蔵されたアロマディフューザーが心地よい香りを提供し、リラックスした空間を演出します。自宅でのリラックスタイムや、友人との集まり、さらにはヨガや瞑想のシーンでも大活躍。Bluetooth接続に対応し、スマートフォンから簡単に音楽を楽しめるのも魅力です。SoundNestで、五感を満たす特別なひとときを体験してみてください。,36700,2023-11-16 18:39,2024-06-15 14:54,NULL
OG6QBN656X,VoxHaven,スマートスピーカー,VoxHavenは、高品質な音声録音と再生を実現するポータブルデバイスです。独自のノイズキャンセリング技術により、静かな環境でもクリアな音声を提供します。会議やインタビュー、ポッドキャスト制作に最適で、使いやすいインターフェースが特徴です。また、長時間のバッテリー持続力により、外出先での使用にも安心です。VoxHavenは、プロフェッショナルからアマチュアまで、幅広いユーザーにおすすめのアイテムです。,24300,2023-09-04 03:18,2024-03-04 14:03,NULL
SJY28960RT,HomeHarmony Hub,スマートホームデバイス,HomeHarmony Hubは、スマートホームデバイスを一元管理できる高機能ハブです。音声操作やアプリ連携により、照明、温度、セキュリティを簡単にコントロールできます。特に、家族が集まるリビングや、仕事に集中したいホームオフィスでの使用に最適です。自動化設定を活用すれば、帰宅時に最適な環境を自動で整えることも可能です。快適な暮らしを実現するための強力なパートナーとして、ぜひご活用ください。,39700,2024-05-03 08:45,NULL,NULL
VFJNG7S0CP,NestSync Controller,スマートホームデバイス,NestSync Controllerは、スマートホーム環境を簡単に管理できる高機能コントローラーです。Wi-Fi接続を通じて、複数のデバイスを一元管理できるため、家庭のエネルギー効率を向上させ、快適な生活空間を提供します。特に、外出先からの操作やスケジュール設定が可能で、忙しいライフスタイルをサポートします。友人や家族と共有することで、共同生活でも便利に活用できるのが魅力です。シンプルなデザインと直感的な操作性で、どなたでも簡単に利用できるのが特長です。,24800,2024-06-05 02:25,NULL,NULL
EHBMKJF7LM,SmartNest Guardian,スマートホームデバイス,SmartNest Guardianは、最先端のスマートホームセキュリティデバイスで、リアルタイムでの監視と異常検知機能を搭載しています。AIによる顔認識技術により、家族と不審者を識別し、必要に応じて警告を発信します。外出時や旅行中でも安心して利用でき、スマートフォンアプリを通じていつでも状況を確認可能です。さらに、簡単な設置と直感的な操作性が特徴で、初めての方でも手軽に導入できます。家庭の安全を守るための強力なパートナーとして、特に子供や高齢者がいる家庭にお勧めです。,21900,2024-04-04 09:41,NULL,NULL
AV62989B5M,TimeSync,IoTセンサー,TimeSyncは、精密な時間管理を実現するための革新的なデジタルツールです。リアルタイムでのスケジュール共有やタスク管理が可能で、チームの生産性を向上させます。特にリモートワークやフレックスタイム制度を導入している企業に最適で、メンバー間のコミュニケーションを円滑にします。ユーザーフレンドリーなインターフェースとカスタマイズ機能が特徴で、個々のニーズに合わせた使い方ができます。忙しい日常の中で、効率的な時間管理をサポートする頼れるパートナーです。,34000,2024-07-27 15:04,2024-08-09 17:39,NULL
22W47TXSZ0,ChronoLink,IoTセンサー,ChronoLinkは、スマートフォンと連携する高精度な時間管理デバイスです。ユーザーは、タスクやスケジュールをリアルタイムで確認でき、リマインダー機能で重要な予定を逃すことがありません。特に、忙しいビジネスパーソンや学生に最適で、効率的な時間管理をサポートします。さらに、シンプルなデザインでどんな場面にもマッチし、日常生活をスタイリッシュに演出します。ChronoLinkを使えば、時間を有効に活用し、充実した毎日を手に入れることができます。,5100,2024-08-07 12:34,NULL,NULL
SRN9S1XR4V,WristWise,IoTセンサー,WristWiseは、快適なフィット感とスタイリッシュなデザインを兼ね備えたスマートウォッチバンドです。高品質な素材を使用しており、日常使いやスポーツシーンでも優れた耐久性を発揮します。特に、フィットネスやアウトドア活動中に手首の動きを妨げない設計が特徴です。豊富なカラーバリエーションがあるため、ファッションに合わせたコーディネートも楽しめます。普段使いから特別なイベントまで、あらゆるシチュエーションで活躍するアイテムです。,26800,2023-12-22 06:26,2024-02-18 10:44,NULL
IDB2QVA5BO,DataVista,CRMシステム,DataVistaは、データ分析と可視化を効率的に行うための強力なツールです。直感的なインターフェースを備え、複雑なデータセットも簡単に扱えるため、ビジネスインテリジェンスやマーケティング分析に最適です。特に、リアルタイムでのデータ更新機能があり、迅速な意思決定をサポートします。チームでの共同作業にも対応しており、プロジェクトの進行状況を視覚的に把握するのに役立ちます。データドリブンなアプローチを取り入れたい企業に特にお勧めです。,11400,2023-11-25 07:22,2024-05-27 13:52,NULL
JPS87VVXZ8,InsightSphere,CRMシステム,InsightSphereは、データ分析と可視化を強化するための革新的なツールです。直感的なインターフェースを備え、複雑なデータセットを簡単に操作・理解できるため、ビジネスインテリジェンスやマーケティング分析に最適です。特に、リアルタイムでのデータモニタリングやチーム間のコラボレーションを促進する機能が特徴です。会議やプレゼンテーションの際に、視覚的なデータストーリーを作成することで、意思決定をサポートします。InsightSphereを活用することで、データの洞察を迅速に引き出し、競争力を高めることができます。,35800,2024-06-15 22:49,NULL,NULL
P66C5GMFVZ,ClarityPulse,CRMシステム,ClarityPulseは、音声解析技術を活用した高性能なウェアラブルデバイスです。ユーザーのストレスレベルや感情状態をリアルタイムでモニタリングし、適切なリラクゼーション法を提案します。特に仕事や勉強での集中力を高めたい方に最適で、忙しい日常の中でも心の健康をサポートします。シンプルなデザインで、どんなシーンにもマッチし、使いやすさも抜群です。心の状態を可視化することで、より良いライフスタイルを実現しましょう。,33300,2024-03-29 06:29,2024-05-26 02:41,NULL
HGF68IXOY4,BizHarmony,ビジネスインテリジェンス,BizHarmonyは、ビジネスシーンでのコミュニケーションを円滑にするために設計された多機能ツールです。リアルタイムでの情報共有やタスク管理が可能で、チームの生産性を向上させます。特にリモートワークやフレックスタイム制度を導入している企業に最適で、メンバー間の距離を感じさせません。また、使いやすいインターフェースにより、初めてのユーザーでもすぐに活用できます。BizHarmonyを導入することで、業務の効率化とチームの結束力を高めることができます。,40300,2023-10-25 19:07,2024-07-10 23:58,NULL
CEDDHWC59U,SyncSphere,ビジネスインテリジェンス,SyncSphereは、リアルタイムでデータを同期し、チーム間のコラボレーションを強化する革新的なデバイスです。特にリモートワークやプロジェクト管理に最適で、複数のデバイス間での情報共有をスムーズに行えます。直感的なインターフェースにより、技術に不慣れなユーザーでも簡単に操作可能です。さらに、セキュリティ機能が充実しているため、機密情報の取り扱いも安心です。会議やブレインストーミングセッションをより効率的に進めたい方に特にお勧めです。,22500,2024-03-14 18:00,2024-06-18 03:58,NULL
0EXX8TRZKM,CoreFusion,ビジネスインテリジェンス,CoreFusionは、最新のテクノロジーを駆使した高性能のフィットネス機器で、全身の筋力トレーニングを効率的に行えることが特徴です。コンパクトなデザインながら、多彩なトレーニングモードを搭載し、初心者から上級者まで幅広く対応します。特に、自宅でのトレーニングやオフィスでの短時間エクササイズに最適です。ユーザーのニーズに応じたカスタマイズが可能で、モチベーションを維持しやすい点も魅力です。健康的なライフスタイルを目指す方におすすめの一品です。,15300,2024-04-11 02:16,NULL,NULL
E5YCEZGX28,データビジョナリー,データ分析システム,データビジョナリーは、ビジュアルデータ分析を簡単に行えるツールで、複雑なデータを直感的に理解できるグラフやチャートを生成します。特に、ビジネスの意思決定やマーケティング戦略の策定に最適で、チーム全体でのデータ共有をスムーズにします。ユーザーは、リアルタイムでのデータ更新が可能なため、迅速な対応が求められるシチュエーションにも対応できます。また、カスタマイズ性が高く、自社のニーズに合わせた分析ができる点が大きな魅力です。データビジョナリーを活用することで、データに基づいた効果的な戦略立案が実現します。,18900,2024-01-23 05:07,2024-06-05 02:44,NULL
F79QO85K8O,データインサイトプロセッサー,データ分析システム,データインサイトプロセッサーは、高度なデータ分析機能を備えた革新的なツールで、リアルタイムでのデータ処理や視覚化が可能です。特にビジネスインテリジェンスやマーケティング分析において、迅速な意思決定をサポートします。使いやすいインターフェースにより、専門知識がなくても簡単に操作できるため、企業のデータチームやスタートアップに最適です。さらに、カスタマイズ可能なダッシュボードで、特定のニーズに応じた分析が行えます。データ駆動型の戦略を推進したい企業にとって、欠かせないアイテムです。,13800,2023-11-06 00:29,2024-07-08 15:45,NULL
TZHCJSEL0G,データナビゲーター,データ分析システム,データナビゲーターは、データ分析や可視化を簡単に行える高機能ツールです。直感的なインターフェースを備え、複雑なデータセットを迅速に整理・解析できるため、ビジネスの意思決定をサポートします。特に、マーケティングや営業の現場で、リアルタイムのデータを基にした戦略立案に最適です。また、チームでのコラボレーション機能も充実しており、プロジェクトの進行をスムーズにします。データナビゲーターを使えば、データの力を最大限に引き出すことができます。,20600,2023-11-06 10:03,2023-12-24 10:40,NULL
DE020WWO3X,ClientSphere,ERPシステム,ClientSphereは、顧客管理とプロジェクト管理を統合した革新的なツールです。直感的なインターフェースを備え、リアルタイムでのデータ分析が可能なため、ビジネスの意思決定を迅速に行えます。特に、チームでのコラボレーションが求められる環境や、クライアントとのコミュニケーションを強化したい企業に最適です。また、カスタマイズ可能なダッシュボードにより、各ユーザーのニーズに応じた情報を一目で把握できます。これにより、業務の効率化と顧客満足度の向上を実現します。,36100,2024-03-07 01:12,NULL,NULL
I7FC31LNPB,RelateSync,ERPシステム,RelateSyncは、リアルタイムでデータを同期する革新的なソフトウェアです。特に、チームのコラボレーションを強化するために設計されており、プロジェクト管理や情報共有に最適です。ユーザーは異なるデバイス間でのデータ更新をスムーズに行えるため、リモートワークや多拠点での業務において大変便利です。さらに、直感的なインターフェースにより、導入が簡単で、技術に不慣れな方でも安心して利用できます。効率的な業務運営を求める企業に特にお勧めです。,11400,2024-01-27 18:05,2024-08-25 04:47,NULL
47VGWN5RKU,ConnectPulse,ERPシステム,ConnectPulseは、リアルタイムでデータを収集・分析し、チームのコミュニケーションを円滑にするための革新的なツールです。特にリモートワークやハイブリッド環境において、プロジェクトの進捗状況を可視化し、メンバー間の連携を強化します。ユーザーフレンドリーなインターフェースにより、導入が簡単で、すぐに効果を実感できるのが特長です。定期的なチームミーティングやブレインストーミングセッションでの活用をお勧めします。ConnectPulseを使えば、チームの生産性を向上させることができます。,15800,2024-03-15 07:09,2024-08-22 11:41,NULL
G4J90885G4,LumaScreen,LED照明,LumaScreenは、高輝度のLEDスクリーンで、屋内外問わず使用できるポータブルなディスプレイです。鮮明な映像と広視野角を特徴とし、イベントやプレゼンテーション、広告表示など多様なシーンで活躍します。特に、明るい環境でも視認性が高いため、屋外フェスや展示会での利用に最適です。また、軽量設計で持ち運びが簡単なため、移動が多いプロフェッショナルにもおすすめです。LumaScreenを使用することで、視覚的インパクトを与え、注目を集めることができます。,10700,2023-10-01 18:21,2024-03-30 20:43,NULL
FUFUUGO1YZ,GlareView,LED照明,GlareViewは、高性能な反射防止フィルムを採用したディスプレイ保護商品で、画面の視認性を向上させることが特徴です。特に、直射日光の下や明るい環境での使用に最適で、屋外やオフィスでの作業を快適にサポートします。さらに、指紋や汚れが付きにくい加工が施されており、常にクリアな視界を保てます。スマートフォンやタブレット、PCに対応しており、幅広いデバイスで活用できます。GlareViewを使えば、ストレスフリーなデジタルライフを実現できます。,5600,2024-07-11 14:49,2024-08-24 09:31,NULL
2BQN5S015F,BrilliantBeam Display,LED照明,BrilliantBeam Displayは、高解像度のフルHDパネルを搭載し、鮮やかな色彩とコントラストを実現したポータブルディスプレイです。軽量でコンパクトなデザインは、出張やプレゼンテーション、家庭での映画鑑賞など、さまざまなシチュエーションに最適です。特に、複数のデバイスと簡単に接続できるため、ビジネスシーンでも活躍します。さらに、ブルーライトカット機能が搭載されているため、長時間の使用でも目に優しい設計です。BrilliantBeam Displayは、視覚体験を向上させる理想的な選択肢です。,31100,2024-05-31 21:43,NULL,NULL
6SGI8ZGM1S,ルミナスグロウ,LEDディスプレイ,ルミナスグロウは、肌に自然な輝きを与える高保湿クリームです。独自の成分配合により、乾燥やくすみを防ぎ、明るく健康的な肌を実現します。特に、乾燥が気になる冬の季節や、特別なイベント前のケアに最適です。軽やかなテクスチャーで、メイク下地としても使用でき、日常使いにもぴったり。あなたの肌に、瞬時に生まれ変わるような輝きを与えます。,25100,2024-06-04 06:41,NULL,NULL
UEERLUHS6Q,エコブライト,LEDディスプレイ,エコブライトは、環境に優しい素材で作られた高性能な照明製品です。省エネ設計により、長時間の使用でも電気代を抑えられ、持続可能なライフスタイルをサポートします。特に、家庭やオフィスのデスクライトとして最適で、集中力を高める明るさを提供します。さらに、シンプルでスタイリッシュなデザインは、どんなインテリアにもマッチします。エコ意識の高い方や、快適な作業環境を求める方に特におすすめです。,22100,2024-02-16 20:36,2024-03-31 01:29,NULL
CXK8E1UF38,ビビッドビジョン,LEDディスプレイ,ビビッドビジョンは、鮮やかな色彩と高解像度を実現した最新のディスプレイ技術を搭載した商品です。映画やゲームを楽しむ際に、その圧倒的な映像美が体験を一層引き立てます。また、リモートワークやプレゼンテーションでも、クリアな画質がコミュニケーションをスムーズにします。特に、デザインやクリエイティブ業務に従事する方には、色の再現性が重要なポイントです。ビビッドビジョンは、あらゆるシーンでその魅力を発揮します。,23600,2024-08-05 06:56,NULL,NULL
4IC88G95NO,LumiGlow Bulb,LED電球,LumiGlow Bulbは、高輝度LED技術を搭載したエコフレンドリーな電球で、色温度を簡単に調整できるのが特長です。リモコン操作により、リラックスしたい夜の読書やパーティーシーンに合わせた雰囲気作りが可能です。さらに、スマートフォンアプリと連携することで、スケジュール設定や明るさ調整も簡単に行えます。家庭だけでなく、カフェやイベントスペースでも活躍すること間違いなしです。多彩なシーンに対応できるLumiGlow Bulbで、空間を一層魅力的に演出しましょう。,18100,2024-04-01 22:58,2024-06-26 05:08,NULL
H1GE9OEZHN,EcoBright Sphere,LED電球,EcoBright Sphereは、環境に優しい素材で作られたLED照明デバイスで、エネルギー効率が高く、長寿命が特長です。この商品は、リモートコントロール機能を備えており、シーンに応じた明るさや色温度の調整が可能です。家庭のリビングルームやオフィスでの使用に最適で、リラックスしたい時や集中したい時に応じて雰囲気を変えることができます。さらに、スマートフォンアプリとの連携により、外出先からも操作ができるため、利便性も抜群です。EcoBright Sphereは、持続可能なライフスタイルを求める方にぴったりのアイテムです。,16800,2024-02-16 20:36,NULL,NULL
NZI17482TU,RadiantBeam Bulb,LED電球,RadiantBeam Bulbは、エネルギー効率が高く、長寿命を誇るLED電球です。独自の調光機能により、明るさを自由に調整できるため、リビングや寝室など様々なシチュエーションで最適な雰囲気を演出します。さらに、色温度を変更できるため、リラックスしたい時や集中したい時に合わせた光を提供します。家庭用だけでなく、オフィスや店舗でも活躍する万能なアイテムです。環境にも配慮した設計で、持続可能なライティングを実現します。,14100,2023-09-11 09:18,2023-11-25 06:10,NULL
